Word_id,Vocab_word
0,http
1,use
2,list
3,email
4,get
5,mail
6,one
7,free
8,time
9,work
10,messag
11,make
12,like
13,would
14,peopl
15,new
16,inform
17,receiv
18,pleas
19,click
20,busi
21,address
22,want
23,us
24,need
25,order
26,remov
27,also
28,go
29,year
30,send
31,money
32,file
33,compani
34,system
35,report
36,way
37,wrote
38,name
39,user
40,look
41,site
42,chang
43,day
44,know
45,state
46,program
47,may
48,see
49,call
50,could
51,group
52,even
53,think
54,includ
55,linux
56,first
57,offer
58,take
59,say
60,servic
61,right
62,world
63,tri
64,help
65,find
66,internet
67,market
68,product
69,mani
70,much
71,home
72,said
73,softwar
74,web
75,problem
76,date
77,line
78,spam
79,link
80,check
81,start
82,number
83,run
84,good
85,thing
86,well
87,subject
88,interest
89,phone
90,govern
91,person
92,provid
93,set
94,today
95,come
96,million
97,ad
98,give
99,server
100,follow
101,back
102,best
103,month
104,form
105,rate
106,everi
107,secur
108,gener
109,url
110,price
111,still
112,comput
113,packag
114,instal
115,code
116,avail
117,sent
118,life
119,version
120,read
121,commun
122,sinc
123,maintain
124,grant
125,sponsor
126,thank
127,network
128,two
129,differ
130,credit
131,without
132,made
133,develop
134,support
135,within
136,week
137,page
138,write
139,save
140,case
141,subscript
142,realli
143,irish
144,someth
145,current
146,un
147,anyon
148,last
149,onlin
150,complet
151,sure
152,build
153,card
154,seem
155,requir
156,manag
157,custom
158,de
159,ilug
160,never
161,better
162,window
163,keep
164,special
165,ca
166,point
167,place
168,search
169,per
170,anoth
171,found
172,actual
173,access
174,result
175,repli
176,contact
177,question
178,part
179,base
180,listmast
181,futur
182,old
183,issu
184,put
185,wish
186,long
187,next
188,let
189,live
190,countri
191,hour
192,end
193,invest
194,easi
195,unsubscrib
196,mean
197,must
198,process
199,unit
200,great
201,lot
202,got
203,nation
204,account
205,technolog
206,show
207,guarante
208,might
209,power
210,releas
211,legal
212,data
213,cost
214,allow
215,success
216,sourc
217,news
218,engin
219,possibl
220,trade
221,visit
222,profession
223,post
224,idea
225,increas
226,pay
227,ask
228,public
229,advertis
230,open
231,error
232,opportun
233,websit
234,test
235,real
236,sell
237,ever
238,less
239,respons
240,insur
241,plan
242,design
243,tell
244,creat
245,word
246,buy
247,reason
248,prefer
249,howev
250,heaven
251,someon
252,effect
253,aug
254,cd
255,color
256,sale
257,law
258,improv
259,applic
260,around
261,instead
262,fact
263,least
264,box
265,ye
266,dollar
267,fix
268,american
269,rpm
270,job
271,copi
272,simpl
273,probabl
274,origin
275,believ
276,cours
277,contain
278,type
279,move
280,fax
281,happen
282,friend
283,though
284,littl
285,els
286,financi
287,total
288,welcom
289,share
290,valu
291,request
292,add
293,exampl
294,return
295,abl
296,client
297,perl
298,format
299,anyth
300,simpli
301,alway
302,alreadi
303,high
304,protect
305,full
306,fill
307,cash
308,mailto
309,feel
310,directori
311,purchas
312,regard
313,bit
314,stop
315,licens
316,signatur
317,import
318,experi
319,intern
320,polici
321,answer
322,exist
323,past
324,note
325,famili
326,updat
327,learn
328,top
329,info
330,sep
331,geek
332,becom
333,act
334,lead
335,age
336,small
337,drive
338,instruct
339,ship
340,second
341,suppli
342,control
343,member
344,databas
345,thousand
346,low
347,recent
348,incom
349,select
350,featur
351,stuff
352,minut
353,appli
354,done
355,industri
356,yet
357,turn
358,sever
359,citi
360,folder
361,continu
362,limit
363,tool
364,understand
365,detail
366,guid
367,c
368,noth
369,e
370,exmh
371,everyth
372,notic
373,step
374,oper
375,enough
376,big
377,claim
378,sign
379,letter
380,caus
381,univers
382,larg
383,key
384,care
385,other
386,hard
387,three
388,thinkgeek
389,connect
390,record
391,text
392,etc
393,discuss
394,accept
395,thu
396,bill
397,term
398,play
399,via
400,specif
401,pgp
402,offic
403,america
404,talk
405,immedi
406,deal
407,direct
408,mayb
409,download
410,option
411,major
412,seen
413,forc
414,true
415,subscrib
416,hope
417,kind
418,thought
419,center
420,method
421,individu
422,decid
423,rule
424,lose
425,log
426,plu
427,matter
428,comment
429,natur
430,either
431,risk
432,yahoo
433,assist
434,present
435,rather
436,quot
437,content
438,away
439,mime
440,rememb
441,wait
442,bank
443,r
444,hand
445,fund
446,local
447,kernel
448,project
449,secret
450,loan
451,train
452,level
453,hundr
454,corpor
455,activ
456,matthia
457,research
458,consid
459,razor
460,area
461,august
462,forward
463,book
464,bodi
465,root
466,stori
467,addit
468,machin
469,benefit
470,standard
471,target
472,entir
473,war
474,suggest
475,quit
476,bad
477,document
478,global
479,copyright
480,appear
481,presid
482,posit
483,bug
484,author
485,often
486,expect
487,distribut
488,juli
489,polit
490,human
491,mind
492,septemb
493,grow
494,jul
495,ago
496,size
497,hit
498,qualiti
499,none
500,trust
501,easili
502,partner
503,absolut
504,pm
505,island
506,b
507,love
508,agent
509,whether
510,join
511,given
512,involv
513,solut
514,collect
515,happi
516,amount
517,fast
518,associ
519,charg
520,domain
521,singl
522,man
523,whole
524,promot
525,dvd
526,later
527,fork
528,far
529,earn
530,sort
531,hi
532,parti
533,feder
534,upon
535,mortgag
536,submit
537,enter
538,normal
539,meet
540,potenti
541,wrong
542,wed
543,refer
544,nice
545,red
546,function
547,tm
548,load
549,wonder
550,econom
551,transact
552,almost
553,publish
554,john
555,social
556,discov
557,everyon
558,reach
559,close
560,view
561,pass
562,fail
563,execut
564,sound
565,depend
566,privat
567,profit
568,perform
569,women
570,attack
571,broadcast
572,x
573,newslett
574,paid
575,relat
576,automat
577,statement
578,contract
579,effort
580,delet
581,mark
582,begin
583,foreign
584,compil
585,sequenc
586,media
587,miss
588,regist
589,spamassassin
590,bush
591,final
592,header
593,figur
594,cell
595,command
596,handl
597,stock
598,display
599,similar
600,action
601,tuesday
602,game
603,locat
604,transfer
605,pick
606,templ
607,digit
608,hat
609,event
610,disk
611,wo
612,produc
613,chri
614,known
615,soon
616,track
617,articl
618,print
619,longer
620,tax
621,properti
622,mention
623,pretti
624,toner
625,store
626,script
627,dear
628,default
629,men
630,debt
631,pc
632,hous
633,oblig
634,respect
635,imag
636,microsoft
637,sun
638,upgrad
639,organ
640,due
641,enenkio
642,bulk
643,capit
644,commiss
645,administr
646,payment
647,weight
648,health
649,along
650,freedom
651,daili
652,half
653,usa
654,cartridg
655,n
656,worth
657,offici
658,practic
659,propos
660,billion
661,came
662,strategi
663,languag
664,resourc
665,late
666,leav
667,platform
668,concern
669,assum
670,remain
671,clear
672,net
673,devic
674,exactli
675,html
676,street
677,anyway
678,car
679,ignor
680,lost
681,tire
682,ok
683,interact
684,respond
685,hear
686,went
687,head
688,tue
689,tablet
690,taken
691,deliv
692,la
693,independ
694,clean
695,bring
696,configur
697,perhap
698,space
699,qualifi
700,fals
701,fine
702,watch
703,averag
704,invok
705,press
706,short
707,retail
708,school
709,recommend
710,expens
711,membership
712,memori
713,enabl
714,fall
715,fee
716,huge
717,host
718,guess
719,consult
720,extrem
721,xml
722,edit
723,left
724,suit
725,usual
726,review
727,choos
728,advantag
729,warn
730,common
731,en
732,compar
733,except
734,region
735,port
736,agre
737,materi
738,abil
739,main
740,side
741,field
742,announc
743,dream
744,paper
745,five
746,told
747,basic
748,fri
749,guy
750,although
751,le
752,drop
753,item
754,hold
755,readi
756,growth
757,educ
758,black
759,vulner
760,spend
761,model
762,win
763,cheer
764,electron
765,replac
766,face
767,bonu
768,interfac
769,unseen
770,confidenti
771,studi
772,reserv
773,loss
774,altern
775,safe
776,kingdom
777,mon
778,intend
779,accord
780,avoid
781,j
782,choic
783,implement
784,approv
785,rest
786,id
787,oz
788,multipl
789,situat
790,commerci
791,histori
792,break
793,moment
794,extra
795,togeth
796,investig
797,combin
798,p
799,insid
800,employ
801,chanc
802,coupl
803,initi
804,section
805,pictur
806,purpos
807,quick
808,advanc
809,msg
810,confirm
811,util
812,across
813,court
814,monday
815,goe
816,unless
817,burn
818,particular
819,energi
820,object
821,express
822,score
823,male
824,et
825,india
826,took
827,video
828,owner
829,indic
830,filter
831,sens
832,count
833,agenc
834,societi
835,speed
836,directli
837,correct
838,four
839,valid
840,variou
841,profil
842,procedur
843,die
844,anywher
845,cut
846,gpl
847,ventur
848,match
849,uniqu
850,period
851,seek
852,sex
853,consum
854,especi
855,piec
856,investor
857,white
858,spammer
859,whatev
860,behalf
861,certain
862,kevin
863,popul
864,explain
865,setup
866,adam
867,knowledg
868,class
869,gain
870,latest
871,remot
872,dagga
873,atol
874,militari
875,tip
876,oh
877,unison
878,block
879,ftp
880,gari
881,south
882,unix
883,googl
884,marshal
885,patch
886,lawrenc
887,tv
888,switch
889,smoke
890,establish
891,team
892,valuabl
893,java
894,imagin
895,aaaaaaaaaaaaaaaaaaaaaaaaaaaaaaaaaaaaaaaaaaaaaaaaaaaaaaaaaaaaaaaaaaaaaaaaaaaa
896,shop
897,ragga
898,integr
899,robert
900,prevent
901,third
902,prepar
903,boot
904,attempt
905,will
906,privaci
907,folk
908,sorri
909,hardwar
910,sometim
911,tag
912,manual
913,heard
914,necessari
915,particip
916,york
917,saou
918,bottl
919,screen
920,reduc
921,congress
922,night
923,china
924,sa
925,fastest
926,cover
927,enjoy
928,backup
929,stand
930,depart
931,goal
932,regul
933,obtain
934,driver
935,seriou
936,certainli
937,mass
938,path
939,alb
940,lower
941,suppos
942,amaz
943,h
944,botan
945,competit
946,land
947,fulli
948,promis
949,medic
950,speak
951,poor
952,capabl
953,traffic
954,introduc
955,titl
956,extend
957,lowest
958,apolog
959,deathtospamdeathtospamdeathtospam
960,scienc
961,defin
962,describ
963,movi
964,troubl
965,definit
966,film
967,paul
968,neg
969,exchang
970,cv
971,easier
972,rang
973,osdn
974,os
975,decis
976,sender
977,wireless
978,technic
979,death
980,approach
981,six
982,predict
983,earli
984,murphi
985,beberg
986,written
987,fortun
988,commit
989,quickli
990,redhat
991,im
992,worri
993,kill
994,sold
995,button
996,ham
997,apt
998,michael
999,firm
1000,seventh
1001,judgment
1002,music
1003,king
1004,fat
1005,north
1006,mobil
1007,father
1008,opinion
1009,economi
1010,ensur
1011,browser
1012,faster
1013,telephon
1014,attach
1015,premium
1016,player
1017,bar
1018,achiev
1019,librari
1020,argument
1021,archiv
1022,desir
1023,techniqu
1024,travel
1025,adult
1026,separ
1027,enterpris
1028,threat
1029,cooper
1030,demand
1031,deserv
1032,board
1033,appar
1034,uk
1035,modul
1036,anim
1037,condit
1038,f
1039,hello
1040,elimin
1041,dave
1042,determin
1043,estat
1044,attent
1045,wide
1046,terrorist
1047,enhanc
1048,stay
1049,outsid
1050,children
1051,drug
1052,expert
1053,wall
1054,monthli
1055,virtual
1056,repres
1057,cabl
1058,sincer
1059,environ
1060,modifi
1061,declar
1062,gnupg
1063,pain
1064,held
1065,permiss
1066,signific
1067,washington
1068,danger
1069,fun
1070,confid
1071,relev
1072,iii
1073,david
1074,kid
1075,sum
1076,canada
1077,cat
1078,programm
1079,w
1080,rich
1081,l
1082,cc
1083,equip
1084,g
1085,exclus
1086,forev
1087,popular
1088,proven
1089,air
1090,bottom
1091,string
1092,diet
1093,excel
1094,justin
1095,bitbitch
1096,usd
1097,paragraph
1098,centuri
1099,expand
1100,factor
1101,friday
1102,skip
1103,central
1104,monitor
1105,san
1106,anybodi
1107,near
1108,relationship
1109,pattern
1110,challeng
1111,identifi
1112,director
1113,asset
1114,excit
1115,appreci
1116,terror
1117,behind
1118,toward
1119,perfect
1120,confer
1121,girl
1122,exercis
1123,citizen
1124,among
1125,whose
1126,sexual
1127,progress
1128,discoveri
1129,roman
1130,defens
1131,rh
1132,rais
1133,background
1134,unsolicit
1135,difficult
1136,hettinga
1137,road
1138,fit
1139,west
1140,sampl
1141,rel
1142,entri
1143,intellig
1144,spain
1145,acquir
1146,thread
1147,colleg
1148,illeg
1149,photo
1150,lender
1151,octob
1152,partit
1153,chief
1154,earth
1155,tie
1156,solv
1157,william
1158,reader
1159,confus
1160,seri
1161,strong
1162,serv
1163,tree
1164,largest
1165,ms
1166,fair
1167,stupid
1168,instant
1169,european
1170,refin
1171,measur
1172,french
1173,verifi
1174,extract
1175,mode
1176,regular
1177,equival
1178,peac
1179,built
1180,oct
1181,resid
1182,conveni
1183,mac
1184,sweet
1185,slow
1186,reliabl
1187,lock
1188,deliveri
1189,procmail
1190,index
1191,laptop
1192,brian
1193,tradit
1194,categori
1195,datapow
1196,smart
1197,suse
1198,dead
1199,graphic
1200,inlin
1201,africa
1202,arial
1203,front
1204,voic
1205,cach
1206,europ
1207,leader
1208,ident
1209,tim
1210,evid
1211,statu
1212,annuiti
1213,femal
1214,emerg
1215,realiz
1216,useless
1217,ten
1218,verdana
1219,gnu
1220,occur
1221,campaign
1222,fire
1223,compat
1224,desktop
1225,capillari
1226,abus
1227,cultur
1228,gift
1229,young
1230,therefor
1231,physic
1232,institut
1233,concept
1234,revenu
1235,higher
1236,herba
1237,satellit
1238,previous
1239,aid
1240,convers
1241,deposit
1242,walk
1243,warranti
1244,brand
1245,launch
1246,thursday
1247,june
1248,contribut
1249,roll
1250,doubt
1251,degre
1252,concentr
1253,underlin
1254,otherwis
1255,nigeria
1256,wife
1257,forget
1258,weapon
1259,echo
1260,pacif
1261,former
1262,carri
1263,unlimit
1264,honor
1265,indian
1266,classifi
1267,yeah
1268,inde
1269,repositori
1270,arriv
1271,compet
1272,token
1273,listen
1274,conflict
1275,recipi
1276,fight
1277,affili
1278,critic
1279,powel
1280,unfortun
1281,surpris
1282,tech
1283,percent
1284,isp
1285,app
1286,storag
1287,password
1288,extens
1289,sat
1290,detect
1291,sleep
1292,hot
1293,effici
1294,succeed
1295,jabber
1296,assur
1297,sit
1298,catch
1299,art
1300,civil
1301,basi
1302,hermio
1303,substanti
1304,alsa
1305,kept
1306,panel
1307,water
1308,intro
1309,printer
1310,garrigu
1311,pull
1312,menu
1313,jm
1314,enemi
1315,charact
1316,mine
1317,light
1318,descript
1319,tabl
1320,proprietari
1321,scan
1322,ip
1323,discount
1324,advic
1325,disabl
1326,v
1327,truth
1328,output
1329,wednesday
1330,revers
1331,pudg
1332,god
1333,attract
1334,saw
1335,joe
1336,vendor
1337,seven
1338,af
1339,structur
1340,manufactur
1341,worldwid
1342,analysi
1343,euro
1344,balanc
1345,gone
1346,morn
1347,cool
1348,alon
1349,franc
1350,agreement
1351,decad
1352,specifi
1353,lack
1354,teach
1355,jame
1356,vote
1357,room
1358,gold
1359,editor
1360,whitelist
1361,california
1362,awar
1363,boston
1364,wast
1365,k
1366,patent
1367,treat
1368,construct
1369,inc
1370,insert
1371,polic
1372,innov
1373,nobodi
1374,zip
1375,highli
1376,temperatur
1377,career
1378,journal
1379,tom
1380,clue
1381,financ
1382,ga
1383,u
1384,theori
1385,obvious
1386,afford
1387,encourag
1388,incred
1389,constitut
1390,son
1391,int
1392,impress
1393,input
1394,flag
1395,gcc
1396,ultim
1397,spec
1398,touch
1399,correspond
1400,ab
1401,greater
1402,anymor
1403,trick
1404,cent
1405,brain
1406,attorney
1407,peni
1408,ebay
1409,usag
1410,middl
1411,mother
1412,annual
1413,jim
1414,blank
1415,blood
1416,boy
1417,hp
1418,wake
1419,trial
1420,master
1421,previou
1422,mike
1423,mechan
1424,larger
1425,democrat
1426,greg
1427,urgent
1428,hate
1429,el
1430,dan
1431,suffer
1432,cbyi
1433,stream
1434,focu
1435,pound
1436,advis
1437,perman
1438,cheap
1439,flow
1440,underwrit
1441,speech
1442,varieti
1443,style
1444,judg
1445,summari
1446,smtp
1447,mostli
1448,particularli
1449,php
1450,star
1451,skeptic
1452,mistak
1453,delay
1454,wealth
1455,percentag
1456,instanc
1457,dynam
1458,behavior
1459,vacat
1460,obviou
1461,bold
1462,super
1463,earlier
1464,comfort
1465,binari
1466,destruct
1467,warm
1468,keyboard
1469,toni
1470,republ
1471,dark
1472,auto
1473,arm
1474,rick
1475,affect
1476,mailer
1477,telecom
1478,rock
1479,firewal
1480,laserjet
1481,eye
1482,reveal
1483,suspect
1484,channel
1485,woman
1486,termin
1487,aa
1488,se
1489,ireland
1490,motiv
1491,consolid
1492,essenti
1493,tend
1494,ban
1495,knew
1496,steve
1497,rss
1498,alli
1499,btw
1500,floppi
1501,prospect
1502,heart
1503,recogn
1504,vipul
1505,principl
1506,skill
1507,domest
1508,consist
1509,english
1510,wing
1511,highlight
1512,pack
1513,prompt
1514,lawyer
1515,core
1516,impact
1517,beta
1518,estim
1519,gnome
1520,defend
1521,magazin
1522,eval
1523,opt
1524,eventu
1525,dell
1526,restor
1527,nearli
1528,invit
1529,somewher
1530,pipe
1531,comprehens
1532,convert
1533,revis
1534,lifetim
1535,march
1536,staff
1537,beat
1538,variabl
1539,unlik
1540,role
1541,ftoc
1542,font
1543,task
1544,vehicl
1545,fl
1546,planta
1547,modern
1548,teledynam
1549,hair
1550,ground
1551,modem
1552,dn
1553,clearli
1554,biggest
1555,eat
1556,food
1557,pocket
1558,despit
1559,map
1560,audio
1561,python
1562,histor
1563,babi
1564,ec
1565,strength
1566,fresh
1567,bf
1568,picasso
1569,bind
1570,favor
1571,sensit
1572,ii
1573,commentari
1574,complianc
1575,suck
1576,mlm
1577,dragon
1578,british
1579,shown
1580,netscap
1581,strongli
1582,exploit
1583,senior
1584,config
1585,coverag
1586,minimum
1587,conserv
1588,spot
1589,liber
1590,doctor
1591,stabl
1592,permit
1593,beyond
1594,gave
1595,truli
1596,ea
1597,texa
1598,mailbox
1599,dont
1600,interview
1601,mile
1602,met
1603,protocol
1604,peter
1605,employe
1606,instantli
1607,failur
1608,signal
1609,consider
1610,reli
1611,equal
1612,tx
1613,optim
1614,synchron
1615,brought
1616,everybodi
1617,visa
1618,calcul
1619,tape
1620,typic
1621,char
1622,dial
1623,led
1624,hidden
1625,translat
1626,chines
1627,startup
1628,hover
1629,revok
1630,crash
1631,exact
1632,proper
1633,worst
1634,distanc
1635,showcas
1636,q
1637,geeg
1638,al
1639,draw
1640,favorit
1641,stylu
1642,evil
1643,boss
1644,yesterday
1645,extern
1646,finish
1647,plant
1648,broker
1649,prove
1650,crimin
1651,annoy
1652,neighbor
1653,bonus
1654,imposs
1655,spent
1656,retriev
1657,z
1658,bigger
1659,sir
1660,foundat
1661,feet
1662,repair
1663,bb
1664,acknowledg
1665,sole
1666,artist
1667,explor
1668,rare
1669,ran
1670,bearer
1671,pop
1672,edward
1673,equiti
1674,serious
1675,guidelin
1676,beauti
1677,properli
1678,england
1679,safeti
1680,strang
1681,somebodi
1682,portion
1683,expir
1684,poverti
1685,hotel
1686,hack
1687,scientist
1688,hell
1689,rebuild
1690,evalu
1691,rob
1692,planet
1693,sunday
1694,bell
1695,sport
1696,push
1697,summer
1698,iiu
1699,jump
1700,spread
1701,autom
1702,correctli
1703,scheme
1704,station
1705,antiqu
1706,restrict
1707,lie
1708,helvetica
1709,strip
1710,chicago
1711,climat
1712,prescript
1713,minor
1714,gentl
1715,student
1716,recruit
1717,mount
1718,currenc
1719,primari
1720,diseas
1721,threaten
1722,para
1723,headlin
1724,radio
1725,entertain
1726,fundament
1727,epson
1728,becam
1729,shape
1730,lo
1731,vou
1732,proxi
1733,damag
1734,merchant
1735,seed
1736,protest
1737,craig
1738,recal
1739,mainten
1740,resum
1741,husband
1742,spamd
1743,laser
1744,hang
1745,architectur
1746,herb
1747,happier
1748,doubl
1749,remedi
1750,empti
1751,exit
1752,vast
1753,prioriti
1754,muscl
1755,van
1756,corpu
1757,bc
1758,feroc
1759,plug
1760,stick
1761,sendmail
1762,settlement
1763,buyer
1764,somehow
1765,angl
1766,luck
1767,faith
1768,creativ
1769,prior
1770,feedback
1771,laugh
1772,viagra
1773,symbol
1774,georg
1775,green
1776,ticket
1777,moor
1778,tel
1779,western
1780,disappear
1781,hire
1782,ba
1783,reg
1784,dozen
1785,hall
1786,seminar
1787,anonym
1788,bother
1789,oil
1790,reject
1791,child
1792,feed
1793,camera
1794,broken
1795,kathmandu
1796,batteri
1797,wors
1798,usb
1799,ssh
1800,hormon
1801,supplement
1802,aspect
1803,realiti
1804,norton
1805,disclaim
1806,perfectli
1807,encrypt
1808,arrang
1809,allianc
1810,shot
1811,parent
1812,appeal
1813,doc
1814,committe
1815,pour
1816,ie
1817,democraci
1818,shall
1819,entrepreneur
1820,convent
1821,substanc
1822,argu
1823,fantasi
1824,acceler
1825,park
1826,phrase
1827,sponsorship
1828,convinc
1829,random
1830,authent
1831,blue
1832,slightli
1833,shock
1834,neither
1835,mozilla
1836,à
1837,observ
1838,legitim
1839,electr
1840,statist
1841,serial
1842,edg
1843,nort
1844,merg
1845,queri
1846,alert
1847,east
1848,award
1849,funni
1850,edificio
1851,resolv
1852,appropri
1853,barcelona
1854,door
1855,hey
1856,auction
1857,refund
1858,strictli
1859,frame
1860,empir
1861,highest
1862,survey
1863,solari
1864,damn
1865,ac
1866,capac
1867,volum
1868,fear
1869,repeat
1870,kelli
1871,smaller
1872,lesson
1873,surviv
1874,tomorrow
1875,aphrodisia
1876,daniel
1877,hunt
1878,stabil
1879,eugen
1880,carrier
1881,pressur
1882,bear
1883,alter
1884,te
1885,amend
1886,nt
1887,trip
1888,virus
1889,strike
1890,banner
1891,farquhar
1892,aggress
1893,bought
1894,mr
1895,mason
1896,union
1897,herbal
1898,odd
1899,januari
1900,arrest
1901,declin
1902,pablo
1903,fairli
1904,meant
1905,twice
1906,owen
1907,harm
1908,gmt
1909,inbox
1910,exclud
1911,promiscu
1912,weekend
1913,bound
1914,compon
1915,appl
1916,cold
1917,ah
1918,easiest
1919,zero
1920,winner
1921,licenc
1922,complain
1923,duplic
1924,violat
1925,race
1926,welch
1927,cancel
1928,presum
1929,blog
1930,round
1931,prosaka
1932,reduct
1933,deni
1934,farm
1935,vari
1936,bunch
1937,bandwidth
1938,mirror
1939,honest
1940,pill
1941,mous
1942,spray
1943,genet
1944,algorithm
1945,nativ
1946,postal
1947,mh
1948,formula
1949,audienc
1950,md
1951,scam
1952,debian
1953,ratio
1954,reboot
1955,vjestika
1956,renew
1957,precis
1958,compens
1959,possess
1960,approxim
1961,split
1962,club
1963,sea
1964,gibbon
1965,elsewher
1966,iraq
1967,austin
1968,viru
1969,analyst
1970,partnership
1971,martin
1972,bankruptci
1973,gay
1974,â
1975,tab
1976,brief
1977,deploy
1978,buffer
1979,porn
1980,testimoni
1981,plugin
1982,roger
1983,envelop
1984,weekli
1985,grand
1986,label
1987,lift
1988,gordon
1989,massiv
1990,reward
1991,msgid
1992,saturday
1993,processor
1994,margin
1995,dramat
1996,flash
1997,dig
1998,sm
1999,hmm
2000,environment
2001,anytim
2002,writer
2003,nvidia
2004,fuck
2005,registr
2006,religion
2007,complex
2008,millionair
2009,that
2010,agreeabl
2011,adopt
2012,collabor
2013,apart
2014,rohit
2015,aol
2016,retir
2017,engag
2018,cancer
2019,ibm
2020,prohibit
2021,infrastructur
2022,ministri
2023,schedul
2024,ps
2025,thoma
2026,assembl
2027,harley
2028,northern
2029,solicit
2030,justic
2031,plenti
2032,conduct
2033,cycl
2034,african
2035,ae
2036,yellow
2037,inconveni
2038,shell
2039,satisfi
2040,length
2041,ffffff
2042,candid
2043,began
2044,farmer
2045,img
2046,excess
2047,mere
2048,rout
2049,rose
2050,clock
2051,encount
2052,distro
2053,swap
2054,onto
2055,null
2056,enforc
2057,self
2058,duncan
2059,henc
2060,experienc
2061,own
2062,acquisit
2063,scale
2064,minim
2065,conclud
2066,invent
2067,grab
2068,demonstr
2069,da
2070,straight
2071,deep
2072,kate
2073,homeown
2074,elect
2075,wholesal
2076,russian
2077,evolv
2078,famou
2079,london
2080,newspap
2081,pointer
2082,domin
2083,throw
2084,attend
2085,prosper
2086,guido
2087,liter
2088,transform
2089,solid
2090,oppos
2091,buck
2092,receipt
2093,niall
2094,murder
2095,toll
2096,context
2097,hors
2098,rank
2099,televis
2100,colleagu
2101,glad
2102,lawsuit
2103,mix
2104,unabl
2105,chat
2106,var
2107,christian
2108,wave
2109,boost
2110,assert
2111,preserv
2112,blame
2113,remark
2114,corrupt
2115,co
2116,proof
2117,crime
2118,loop
2119,attain
2120,resel
2121,valhalla
2122,skin
2123,entiti
2124,routin
2125,religi
2126,webmast
2127,russia
2128,abacha
2129,forest
2130,asia
2131,moral
2132,inkjet
2133,newsgroup
2134,replica
2135,accur
2136,scientif
2137,marshalles
2138,glm
2139,paypal
2140,passphras
2141,tast
2142,numer
2143,tune
2144,brent
2145,mathemat
2146,icq
2147,vircio
2148,inspir
2149,habea
2150,hash
2151,joseph
2152,throughout
2153,victim
2154,frequent
2155,mountain
2156,formal
2157,embed
2158,destroy
2159,regardless
2160,sheet
2161,song
2162,chart
2163,brother
2164,bu
2165,yield
2166,jar
2167,heavi
2168,bless
2169,column
2170,rise
2171,po
2172,ben
2173,hint
2174,na
2175,visitor
2176,incompat
2177,bay
2178,aim
2179,remind
2180,ed
2181,pure
2182,classic
2183,town
2184,labor
2185,trace
2186,drink
2187,freebsd
2188,dog
2189,decemb
2190,amateur
2191,branch
2192,limbo
2193,mess
2194,logic
2195,chip
2196,consequ
2197,que
2198,coast
2199,exhibit
2200,crap
2201,pars
2202,syntax
2203,exceed
2204,spamtrap
2205,topic
2206,prize
2207,joke
2208,est
2209,il
2210,assign
2211,felt
2212,gambl
2213,smoker
2214,focus
2215,satisfact
2216,imho
2217,spirit
2218,export
2219,adapt
2220,privileg
2221,negoti
2222,ladi
2223,violenc
2224,worker
2225,medium
2226,specialist
2227,byte
2228,batch
2229,lib
2230,battl
2231,pa
2232,appoint
2233,opposit
2234,tremend
2235,cheaper
2236,circumst
2237,incorpor
2238,vice
2239,fan
2240,stamp
2241,pursu
2242,complic
2243,unwant
2244,riaa
2245,loos
2246,compel
2247,kit
2248,ui
2249,boundari
2250,moder
2251,unknown
2252,compress
2253,bet
2254,pro
2255,sur
2256,struggl
2257,alan
2258,jodi
2259,airlin
2260,goto
2261,florida
2262,older
2263,affair
2264,okay
2265,intel
2266,admit
2267,sophist
2268,border
2269,lover
2270,keyword
2271,trivial
2272,caught
2273,strengthen
2274,truck
2275,liberti
2276,chairman
2277,entitl
2278,gather
2279,airport
2280,trend
2281,hole
2282,ved
2283,dublin
2284,belief
2285,stage
2286,album
2287,wear
2288,transmiss
2289,disclosur
2290,owe
2291,pioneer
2292,surfac
2293,penni
2294,britain
2295,australia
2296,sector
2297,ahead
2298,ideal
2299,muslim
2300,mastercard
2301,ownership
2302,palestinian
2303,stephen
2304,assumpt
2305,weak
2306,outlook
2307,suffici
2308,tin
2309,scott
2310,relay
2311,maker
2312,raw
2313,wa
2314,refus
2315,maximum
2316,jack
2317,weather
2318,encod
2319,reform
2320,msn
2321,mplayer
2322,overal
2323,dice
2324,lay
2325,adjust
2326,ice
2327,pickl
2328,dump
2329,stress
2330,majesti
2331,transpar
2332,sentenc
2333,chain
2334,ne
2335,hide
2336,magic
2337,wealthi
2338,marri
2339,influenc
2340,captur
2341,finger
2342,hawaii
2343,schuman
2344,propag
2345,debug
2346,portabl
2347,curv
2348,crack
2349,frustrat
2350,endeavor
2351,bone
2352,admin
2353,depress
2354,astronom
2355,ce
2356,vision
2357,egg
2358,dinosaur
2359,mandat
2360,whatsoev
2361,session
2362,explan
2363,shout
2364,retain
2365,lilo
2366,catalog
2367,silli
2368,timeout
2369,trademark
2370,holiday
2371,patrick
2372,proceed
2373,spring
2374,submiss
2375,ou
2376,ethic
2377,api
2378,outstand
2379,circl
2380,settl
2381,scratch
2382,buri
2383,corner
2384,casino
2385,rah
2386,speaker
2387,besid
2388,hospit
2389,hacker
2390,belong
2391,ar
2392,francisco
2393,fli
2394,rapidli
2395,heck
2396,mysql
2397,unusu
2398,randomli
2399,inexpens
2400,ram
2401,spambay
2402,tower
2403,movement
2404,virginia
2405,weird
2406,gpg
2407,latter
2408,intellectu
2409,du
2410,germani
2411,ez
2412,thirti
2413,greatest
2414,minist
2415,scholarship
2416,expos
2417,iroijlaplap
2418,snore
2419,constant
2420,celebr
2421,prob
2422,jeremi
2423,recognit
2424,organis
2425,igtt
2426,abandon
2427,tivo
2428,ton
2429,necessarili
2430,intent
2431,ir
2432,fuel
2433,eb
2434,bomb
2435,lean
2436,twenti
2437,xxx
2438,openssl
2439,preced
2440,joint
2441,plane
2442,pentium
2443,formul
2444,jurisdict
2445,openssh
2446,tweak
2447,draft
2448,forum
2449,element
2450,relax
2451,recov
2452,greet
2453,conclus
2454,dr
2455,marriag
2456,armi
2457,maxim
2458,theme
2459,fp
2460,harvest
2461,arg
2462,framework
2463,wild
2464,season
2465,german
2466,es
2467,richard
2468,une
2469,japan
2470,scenario
2471,contest
2472,quarter
2473,anthoni
2474,flight
2475,render
2476,raid
2477,murjel
2478,asian
2479,capitalist
2480,bob
2481,angel
2482,dedic
2483,magnitud
2484,ximian
2485,leas
2486,pleasur
2487,bsd
2488,bullet
2489,invalid
2490,navig
2491,subsequ
2492,trader
2493,ratak
2494,distributor
2495,maxaman
2496,mutual
2497,shoot
2498,hook
2499,telecommun
